<?xml version="1.0"?>
<houses>
	<house name="" houseid="86" entryx="0" entryy="0" entryz="0" rent="0" townid="0" size="340" />
	<house name="" houseid="87" entryx="0" entryy="0" entryz="0" rent="0" townid="0" size="22" />
	<house name="" houseid="88" entryx="0" entryy="0" entryz="0" rent="0" townid="0" size="14" />
	<house name="" houseid="89" entryx="0" entryy="0" entryz="0" rent="0" townid="0" size="15" />
	<house name="" houseid="90" entryx="0" entryy="0" entryz="0" rent="0" townid="0" size="7" />
	<house name="" houseid="91" entryx="0" entryy="0" entryz="0" rent="0" townid="0" size="14" />
	<house name="" houseid="92" entryx="0" entryy="0" entryz="0" rent="0" townid="0" size="32" />
	<house name="" houseid="95" entryx="0" entryy="0" entryz="0" rent="0" townid="0" size="90" />
	<house name="" houseid="96" entryx="0" entryy="0" entryz="0" rent="0" townid="0" size="64" />
	<house name="" houseid="1902" entryx="0" entryy="0" entryz="0" rent="0" townid="0" size="42" />
	<house name="" houseid="1903" entryx="0" entryy="0" entryz="0" rent="0" townid="0" size="16" />
	<house name="" houseid="1904" entryx="0" entryy="0" entryz="0" rent="0" townid="0" size="12" />
	<house name="" houseid="1905" entryx="0" entryy="0" entryz="0" rent="0" townid="0" size="16" />
	<house name="" houseid="1906" entryx="0" entryy="0" entryz="0" rent="0" townid="0" size="14" />
	<house name="" houseid="1907" entryx="0" entryy="0" entryz="0" rent="0" townid="0" size="10" />
	<house name="" houseid="1908" entryx="0" entryy="0" entryz="0" rent="0" townid="0" size="9" />
	<house name="" houseid="1909" entryx="0" entryy="0" entryz="0" rent="0" townid="0" size="10" />
	<house name="" houseid="1910" entryx="0" entryy="0" entryz="0" rent="0" townid="0" size="10" />
	<house name="" houseid="1911" entryx="0" entryy="0" entryz="0" rent="0" townid="0" size="10" />
	<house name="" houseid="1912" entryx="0" entryy="0" entryz="0" rent="0" townid="0" size="14" />
	<house name="" houseid="1913" entryx="0" entryy="0" entryz="0" rent="0" townid="0" size="10" />
	<house name="" houseid="1914" entryx="0" entryy="0" entryz="0" rent="0" townid="0" size="13" />
	<house name="" houseid="1915" entryx="0" entryy="0" entryz="0" rent="0" townid="0" size="13" />
	<house name="" houseid="1916" entryx="0" entryy="0" entryz="0" rent="0" townid="0" size="4" />
	<house name="" houseid="1917" entryx="0" entryy="0" entryz="0" rent="0" townid="0" size="4" />
	<house name="" houseid="1918" entryx="0" entryy="0" entryz="0" rent="0" townid="0" size="153" />
	<house name="" houseid="1919" entryx="0" entryy="0" entryz="0" rent="0" townid="0" size="28" />
	<house name="" houseid="1920" entryx="0" entryy="0" entryz="0" rent="0" townid="0" size="64" />
	<house name="" houseid="1924" entryx="0" entryy="0" entryz="0" rent="0" townid="0" size="10" />
	<house name="" houseid="1925" entryx="0" entryy="0" entryz="0" rent="0" townid="0" size="10" />
	<house name="" houseid="1926" entryx="0" entryy="0" entryz="0" rent="0" townid="0" size="10" />
	<house name="" houseid="1927" entryx="0" entryy="0" entryz="0" rent="0" townid="0" size="10" />
	<house name="" houseid="1929" entryx="0" entryy="0" entryz="0" rent="0" townid="0" size="14" />
	<house name="" houseid="1930" entryx="0" entryy="0" entryz="0" rent="0" townid="0" size="10" />
	<house name="" houseid="1932" entryx="0" entryy="0" entryz="0" rent="0" townid="0" size="10" />
	<house name="" houseid="1935" entryx="0" entryy="0" entryz="0" rent="0" townid="0" size="10" />
	<house name="" houseid="1936" entryx="0" entryy="0" entryz="0" rent="0" townid="0" size="14" />
	<house name="" houseid="1937" entryx="0" entryy="0" entryz="0" rent="0" townid="0" size="10" />
	<house name="" houseid="1938" entryx="0" entryy="0" entryz="0" rent="0" townid="0" size="10" />
	<house name="" houseid="1939" entryx="0" entryy="0" entryz="0" rent="0" townid="0" size="18" />
	<house name="" houseid="1940" entryx="0" entryy="0" entryz="0" rent="0" townid="0" size="22" />
	<house name="" houseid="1941" entryx="0" entryy="0" entryz="0" rent="0" townid="0" size="249" />
	<house name="" houseid="1942" entryx="0" entryy="0" entryz="0" rent="0" townid="0" size="20" />
	<house name="" houseid="1943" entryx="0" entryy="0" entryz="0" rent="0" townid="0" size="15" />
	<house name="" houseid="1944" entryx="0" entryy="0" entryz="0" rent="0" townid="0" size="30" />
	<house name="" houseid="1945" entryx="0" entryy="0" entryz="0" rent="0" townid="0" size="16" />
	<house name="" houseid="1946" entryx="0" entryy="0" entryz="0" rent="0" townid="0" size="26" />
	<house name="" houseid="1947" entryx="0" entryy="0" entryz="0" rent="0" townid="0" size="20" />
	<house name="" houseid="1948" entryx="0" entryy="0" entryz="0" rent="0" townid="0" size="10" />
	<house name="" houseid="1949" entryx="0" entryy="0" entryz="0" rent="0" townid="0" size="10" />
	<house name="" houseid="1950" entryx="0" entryy="0" entryz="0" rent="0" townid="0" size="10" />
	<house name="" houseid="1951" entryx="0" entryy="0" entryz="0" rent="0" townid="0" size="10" />
	<house name="" houseid="1952" entryx="0" entryy="0" entryz="0" rent="0" townid="0" size="10" />
	<house name="" houseid="1953" entryx="0" entryy="0" entryz="0" rent="0" townid="0" size="10" />
	<house name="" houseid="1954" entryx="0" entryy="0" entryz="0" rent="0" townid="0" size="16" />
	<house name="" houseid="1955" entryx="0" entryy="0" entryz="0" rent="0" townid="0" size="16" />
	<house name="" houseid="1956" entryx="0" entryy="0" entryz="0" rent="0" townid="0" size="16" />
	<house name="" houseid="1957" entryx="0" entryy="0" entryz="0" rent="0" townid="0" size="16" />
	<house name="" houseid="1958" entryx="0" entryy="0" entryz="0" rent="0" townid="0" size="16" />
	<house name="" houseid="1959" entryx="0" entryy="0" entryz="0" rent="0" townid="0" size="16" />
	<house name="" houseid="1960" entryx="0" entryy="0" entryz="0" rent="0" townid="0" size="21" />
	<house name="" houseid="1961" entryx="0" entryy="0" entryz="0" rent="0" townid="0" size="21" />
	<house name="" houseid="1962" entryx="0" entryy="0" entryz="0" rent="0" townid="0" size="21" />
	<house name="" houseid="1963" entryx="0" entryy="0" entryz="0" rent="0" townid="0" size="21" />
	<house name="" houseid="1964" entryx="0" entryy="0" entryz="0" rent="0" townid="0" size="47" />
	<house name="" houseid="1965" entryx="0" entryy="0" entryz="0" rent="0" townid="0" size="20" />
	<house name="" houseid="1966" entryx="0" entryy="0" entryz="0" rent="0" townid="0" size="38" />
	<house name="" houseid="1967" entryx="0" entryy="0" entryz="0" rent="0" townid="0" size="12" />
	<house name="" houseid="1968" entryx="0" entryy="0" entryz="0" rent="0" townid="0" size="10" />
	<house name="" houseid="1969" entryx="0" entryy="0" entryz="0" rent="0" townid="0" size="12" />
	<house name="" houseid="1970" entryx="0" entryy="0" entryz="0" rent="0" townid="0" size="10" />
	<house name="" houseid="1971" entryx="0" entryy="0" entryz="0" rent="0" townid="0" size="12" />
	<house name="" houseid="1972" entryx="0" entryy="0" entryz="0" rent="0" townid="0" size="10" />
	<house name="" houseid="1973" entryx="0" entryy="0" entryz="0" rent="0" townid="0" size="12" />
	<house name="" houseid="1974" entryx="0" entryy="0" entryz="0" rent="0" townid="0" size="10" />
	<house name="" houseid="1975" entryx="0" entryy="0" entryz="0" rent="0" townid="0" size="14" />
	<house name="" houseid="1976" entryx="0" entryy="0" entryz="0" rent="0" townid="0" size="44" />
	<house name="" houseid="1977" entryx="0" entryy="0" entryz="0" rent="0" townid="0" size="24" />
	<house name="" houseid="1978" entryx="0" entryy="0" entryz="0" rent="0" townid="0" size="105" />
	<house name="" houseid="1979" entryx="0" entryy="0" entryz="0" rent="0" townid="0" size="291" />
	<house name="" houseid="1980" entryx="0" entryy="0" entryz="0" rent="0" townid="0" size="14" />
	<house name="" houseid="1981" entryx="0" entryy="0" entryz="0" rent="0" townid="0" size="20" />
	<house name="" houseid="1982" entryx="0" entryy="0" entryz="0" rent="0" townid="0" size="20" />
	<house name="" houseid="1983" entryx="0" entryy="0" entryz="0" rent="0" townid="0" size="14" />
	<house name="" houseid="1984" entryx="0" entryy="0" entryz="0" rent="0" townid="0" size="14" />
	<house name="" houseid="1985" entryx="0" entryy="0" entryz="0" rent="0" townid="0" size="14" />
	<house name="" houseid="1986" entryx="0" entryy="0" entryz="0" rent="0" townid="0" size="14" />
	<house name="" houseid="1987" entryx="0" entryy="0" entryz="0" rent="0" townid="0" size="14" />
	<house name="" houseid="1988" entryx="0" entryy="0" entryz="0" rent="0" townid="0" size="16" />
	<house name="" houseid="1989" entryx="0" entryy="0" entryz="0" rent="0" townid="0" size="24" />
	<house name="" houseid="1990" entryx="0" entryy="0" entryz="0" rent="0" townid="0" size="24" />
	<house name="" houseid="1991" entryx="0" entryy="0" entryz="0" rent="0" townid="0" size="16" />
	<house name="" houseid="1992" entryx="0" entryy="0" entryz="0" rent="0" townid="0" size="16" />
	<house name="" houseid="1993" entryx="0" entryy="0" entryz="0" rent="0" townid="0" size="14" />
	<house name="" houseid="1994" entryx="0" entryy="0" entryz="0" rent="0" townid="0" size="14" />
	<house name="" houseid="1995" entryx="0" entryy="0" entryz="0" rent="0" townid="0" size="14" />
	<house name="" houseid="1996" entryx="0" entryy="0" entryz="0" rent="0" townid="0" size="16" />
	<house name="" houseid="1997" entryx="0" entryy="0" entryz="0" rent="0" townid="0" size="24" />
	<house name="" houseid="1998" entryx="0" entryy="0" entryz="0" rent="0" townid="0" size="24" />
	<house name="" houseid="1999" entryx="0" entryy="0" entryz="0" rent="0" townid="0" size="16" />
	<house name="" houseid="2000" entryx="0" entryy="0" entryz="0" rent="0" townid="0" size="16" />
	<house name="" houseid="2001" entryx="0" entryy="0" entryz="0" rent="0" townid="0" size="14" />
	<house name="" houseid="2002" entryx="0" entryy="0" entryz="0" rent="0" townid="0" size="14" />
	<house name="" houseid="2003" entryx="0" entryy="0" entryz="0" rent="0" townid="0" size="14" />
	<house name="" houseid="2004" entryx="0" entryy="0" entryz="0" rent="0" townid="0" size="11" />
	<house name="" houseid="2005" entryx="0" entryy="0" entryz="0" rent="0" townid="0" size="221" />
	<house name="" houseid="2620" entryx="0" entryy="0" entryz="0" rent="0" townid="0" size="85" />
	<house name="" houseid="2956" entryx="0" entryy="0" entryz="0" rent="0" townid="0" size="97" />
	<house name="" houseid="2961" entryx="0" entryy="0" entryz="0" rent="0" townid="0" size="24" />
	<house name="" houseid="2962" entryx="0" entryy="0" entryz="0" rent="0" townid="0" size="24" />
	<house name="" houseid="2963" entryx="0" entryy="0" entryz="0" rent="0" townid="0" size="24" />
	<house name="" houseid="3030" entryx="0" entryy="0" entryz="0" rent="0" townid="0" size="68" />
	<house name="" houseid="3031" entryx="0" entryy="0" entryz="0" rent="0" townid="0" size="93" />
	<house name="" houseid="3032" entryx="0" entryy="0" entryz="0" rent="0" townid="0" size="118" />
	<house name="" houseid="3033" entryx="0" entryy="0" entryz="0" rent="0" townid="0" size="94" />
	<house name="" houseid="3501" entryx="0" entryy="0" entryz="0" rent="0" townid="0" size="18" />
	<house name="" houseid="3502" entryx="0" entryy="0" entryz="0" rent="0" townid="0" size="15" />
	<house name="" houseid="3503" entryx="0" entryy="0" entryz="0" rent="0" townid="0" size="155" />
	<house name="" houseid="3504" entryx="0" entryy="0" entryz="0" rent="0" townid="0" size="21" />
	<house name="" houseid="3505" entryx="0" entryy="0" entryz="0" rent="0" townid="0" size="23" />
	<house name="" houseid="3506" entryx="0" entryy="0" entryz="0" rent="0" townid="0" size="21" />
	<house name="" houseid="3507" entryx="0" entryy="0" entryz="0" rent="0" townid="0" size="23" />
	<house name="" houseid="3634" entryx="0" entryy="0" entryz="0" rent="0" townid="0" size="67" />
	<house name="" houseid="3635" entryx="0" entryy="0" entryz="0" rent="0" townid="0" size="66" />
	<house name="" houseid="3636" entryx="0" entryy="0" entryz="0" rent="0" townid="0" size="76" />
	<house name="" houseid="3637" entryx="0" entryy="0" entryz="0" rent="0" townid="0" size="121" />
	<house name="" houseid="3638" entryx="0" entryy="0" entryz="0" rent="0" townid="0" size="334" />
	<house name="" houseid="3639" entryx="0" entryy="0" entryz="0" rent="0" townid="0" size="109" />
	<house name="" houseid="3640" entryx="0" entryy="0" entryz="0" rent="0" townid="0" size="166" />
	<house name="" houseid="3642" entryx="0" entryy="0" entryz="0" rent="0" townid="0" size="231" />
	<house name="" houseid="3643" entryx="0" entryy="0" entryz="0" rent="0" townid="0" size="101" />
	<house name="" houseid="3644" entryx="0" entryy="0" entryz="0" rent="0" townid="0" size="113" />
	<house name="" houseid="3645" entryx="0" entryy="0" entryz="0" rent="0" townid="0" size="49" />
	<house name="" houseid="3646" entryx="0" entryy="0" entryz="0" rent="0" townid="0" size="55" />
	<house name="" houseid="3647" entryx="0" entryy="0" entryz="0" rent="0" townid="0" size="92" />
	<house name="" houseid="3648" entryx="0" entryy="0" entryz="0" rent="0" townid="0" size="134" />
	<house name="" houseid="3649" entryx="0" entryy="0" entryz="0" rent="0" townid="0" size="131" />
	<house name="" houseid="3650" entryx="0" entryy="0" entryz="0" rent="0" townid="0" size="147" />
	<house name="" houseid="3651" entryx="0" entryy="0" entryz="0" rent="0" townid="0" size="168" />
	<house name="" houseid="3652" entryx="0" entryy="0" entryz="0" rent="0" townid="0" size="144" />
	<house name="" houseid="3653" entryx="0" entryy="0" entryz="0" rent="0" townid="0" size="145" />
	<house name="" houseid="3654" entryx="0" entryy="0" entryz="0" rent="0" townid="0" size="700" />
	<house name="" houseid="3655" entryx="0" entryy="0" entryz="0" rent="0" townid="0" size="72" />
	<house name="" houseid="3656" entryx="0" entryy="0" entryz="0" rent="0" townid="0" size="96" />
	<house name="" houseid="3657" entryx="0" entryy="0" entryz="0" rent="0" townid="0" size="69" />
	<house name="" houseid="3658" entryx="0" entryy="0" entryz="0" rent="0" townid="0" size="138" />
	<house name="" houseid="3659" entryx="0" entryy="0" entryz="0" rent="0" townid="0" size="393" />
	<house name="" houseid="3660" entryx="0" entryy="0" entryz="0" rent="0" townid="0" size="119" />
</houses>
