<?xml version="1.0"?>
<spawns>
	<spawn centerx="33111" centery="31756" centerz="6" radius="1">
		<monster name="Cow" x="-1" y="-1" z="6" spawntime="60" direction="1" />
		<monster name="Cow" x="-1" y="1" z="6" spawntime="60" />
	</spawn>
	<spawn centerx="33109" centery="31757" centerz="6" radius="1" />
	<spawn centerx="33312" centery="31638" centerz="10" radius="1">
		<npc name="..." x="0" y="0" z="10" spawntime="60" />
	</spawn>
	<spawn centerx="33317" centery="31633" centerz="12" radius="1">
		<monster name="Crustacea Gigantica" x="1" y="0" z="12" spawntime="60" direction="1" />
	</spawn>
</spawns>
