<?xml version="1.0"?>
<spawns>
	<spawn centerx="32678" centery="31650" centerz="6" radius="1">
		<monster name="Cow" x="-1" y="-1" z="6" spawntime="60" direction="1" />
		<monster name="Cow" x="-1" y="1" z="6" spawntime="60" />
	</spawn>
	<spawn centerx="32676" centery="31651" centerz="6" radius="1" />
	<spawn centerx="33222" centery="31697" centerz="6" radius="1">
		<monster name="Icicle" x="0" y="0" z="6" spawntime="60" />
	</spawn>
	<spawn centerx="33230" centery="31697" centerz="6" radius="1">
		<monster name="Icicle" x="0" y="0" z="6" spawntime="60" />
	</spawn>
	<spawn centerx="33222" centery="31700" centerz="6" radius="1">
		<monster name="Icicle" x="0" y="0" z="6" spawntime="60" />
	</spawn>
	<spawn centerx="33230" centery="31700" centerz="6" radius="1">
		<monster name="Icicle" x="0" y="0" z="6" spawntime="60" />
	</spawn>
	<spawn centerx="33222" centery="31703" centerz="6" radius="1">
		<monster name="Icicle" x="0" y="0" z="6" spawntime="60" />
	</spawn>
	<spawn centerx="33230" centery="31703" centerz="6" radius="1">
		<monster name="Icicle" x="0" y="0" z="6" spawntime="60" />
	</spawn>
	<spawn centerx="33222" centery="31706" centerz="6" radius="1">
		<monster name="Icicle" x="0" y="0" z="6" spawntime="60" />
	</spawn>
	<spawn centerx="33230" centery="31706" centerz="6" radius="1">
		<monster name="Icicle" x="0" y="0" z="6" spawntime="60" />
	</spawn>
	<spawn centerx="33107" centery="31662" centerz="7" radius="1">
		<monster name="Fish" x="0" y="0" z="7" spawntime="60" />
	</spawn>
	<spawn centerx="33111" centery="31663" centerz="7" radius="1">
		<monster name="Northern Pike" x="0" y="-1" z="7" spawntime="60" direction="2" />
	</spawn>
	<spawn centerx="33105" centery="31666" centerz="7" radius="1">
		<monster name="Northern Pike" x="-1" y="0" z="7" spawntime="60" direction="1" />
	</spawn>
	<spawn centerx="33109" centery="31666" centerz="7" radius="1">
		<monster name="Shark" x="0" y="-1" z="7" spawntime="60" direction="1" />
	</spawn>
	<spawn centerx="33117" centery="31668" centerz="7" radius="1">
		<monster name="Fish" x="1" y="-1" z="7" spawntime="60" />
	</spawn>
	<spawn centerx="33107" centery="31671" centerz="7" radius="1">
		<monster name="Shark" x="0" y="0" z="7" spawntime="60" />
	</spawn>
	<spawn centerx="33325" centery="31606" centerz="12" radius="1">
		<monster name="Sea Serpent" x="-1" y="0" z="12" spawntime="60" direction="1" />
	</spawn>
	<spawn centerx="33318" centery="31622" centerz="12" radius="1">
		<monster name="Northern Pike" x="-1" y="0" z="12" spawntime="60" />
	</spawn>
	<spawn centerx="33309" centery="31625" centerz="12" radius="1">
		<monster name="Fish" x="-1" y="0" z="12" spawntime="60" />
	</spawn>
	<spawn centerx="33315" centery="31628" centerz="12" radius="1">
		<monster name="Shark" x="0" y="-1" z="12" spawntime="60" direction="1" />
	</spawn>
	<spawn centerx="33317" centery="31633" centerz="12" radius="1">
		<monster name="Crustacea Gigantica" x="1" y="0" z="12" spawntime="60" direction="1" />
	</spawn>
	<spawn centerx="33318" centery="31638" centerz="12" radius="1">
		<monster name="Jellyfish" x="0" y="-1" z="12" spawntime="60" />
	</spawn>
</spawns>
